lift_id,movement,set_number,weight,reps,rpe,set_type,notes
1,power clean,1,115,8,,,
1,power clean,2,135,6,,,
1,power clean,3,145,4,,,
1,power clean,4,155,4,,,
2,strict press,1,95,10,,,
2,strict press,2,105,5,,,
2,strict press,3,105,5,,,
3,db inc curl,1,25,10,,,
3,db inc curl,2,25,8,,,
3,db inc curl,3,25,5,,,
4,hanging leg raises,1,0,11,,normal,
4,hanging leg raises,2,0,8,,drop,
4,hanging leg raises,3,0,6,,drop,
5,deadlift,1,275,5,,,
5,deadlift,2,275,5,,,
5,deadlift,3,275,3,,,
6,pull ups,1,0,10,,,
6,pull ups,2,0,10,,,
7,ttb,1,0,10,,,
7,ttb,2,0,10,,,
7,ttb,3,0,10,,,
8,snatch,1,75,4,,warm,
8,snatch,2,85,3,,warm,
8,snatch,3,105,2,,,
8,snatch,4,105,2,,,
9,strict press,1,105,6,,,
9,strict press,2,105,5,,,
9,strict press,3,105,5,,,
10,pause squat,1,155,6,,,32x1 tempo
10,pause squat,2,155,6,,,
10,pause squat,3,160,5,,,
10,pause squat,4,165,5,,,
10,pause squat,5,170,4,,,
11,clean,1,135,2,8,,
11,clean,2,135,2,8,,
11,clean,3,145,2,8.5,,
11,clean,4,145,2,8.5,,
11,clean,5,145,2,8.5,,
12,clean pull,1,165,3,7,,
12,clean pull,2,185,3,7.5,,
12,clean pull,3,185,4,8.5,,
13,pull up,1,0,9,7,,
13,pull up,2,0,9,7,,
13,pull up,3,0,9,7.5,,
14,ring row,1,0,7,7,,
14,ring row,2,0,7,7,,
14,ring row,3,0,7,7.5,,
15,snatch,1,95,2,8,,
15,snatch,2,100,2,8,,
15,snatch,3,105,2,8.5,,
15,snatch,4,105,2,8.5,,
15,snatch,5,110,2,8.5,,
16,snatch pull,1,145,3,7.5,,
16,snatch pull,2,145,3,8,,tried narrower grip
16,snatch pull,3,145,3,8,,"Even narrower, index on ring. Feels better coming up, maybe a little harder on snatch though."
17,front squat,1,155,3,7.5,,
17,front squat,2,155,3,8,,
17,front squat,3,155,3,7.5,,
17,front squat,4,165,3,8,,
17,front squat,5,165,3,8.5,,
18,clean + jerk,1,135,2,7.5,,
18,clean + jerk,2,135,2,7.5,,
18,clean + jerk,3,145,2,8.5,,
18,clean + jerk,4,145,2,8,,
18,clean + jerk,5,145,2,8,,
19,bench,1,175,5,7.5,,
19,bench,2,185,4,8,,
19,bench,3,185,5,8.5,,
20,strict hspu,1,0,4,9,,
20,strict hspu,2,0,3,9.5,,
20,strict hspu,3,0,2,9,,
21,ghd sit up,1,0,15,,,
21,ghd sit up,2,0,15,,,
21,ghd sit up,3,0,15,,,
22,back squat,1,235,3,8.5,,3rm attempt at RPE 9
23,decline bench,1,135,10,6,,bench club
23,decline bench,2,155,10,8,,
23,decline bench,3,155,10,8.5,,
24,floor bench,1,115,10,8,,
24,floor bench,2,135,5,9.5,,
24,floor bench,3,115,5,9,,
25,decline push up,1,0,10,8,,
25,decline push up,2,0,10,9,,
25,decline push up,3,0,5,9,,
26,pause squat,1,165,5,8,,32x1 tempo
26,pause squat,2,165,5,8,,
26,pause squat,3,175,4,8.5,,
26,pause squat,4,185,4,8.5,,
26,pause squat,5,195,3,9,,
27,snatch,1,105,2,8.5,,
27,snatch,2,105,2,8.5,,
27,snatch,3,110,1,NA,,tech fail
27,snatch,4,110,2,NA,,"tech fail, then hit 2"
27,snatch,5,110,0,NA,,"tech fail, fried cns"
28,clean,1,135,2,7,,
28,clean,2,145,2,8,,
28,clean,3,155,2,8.5,,
28,clean,4,165,1,NA,,"tech fail, first felt good"
29,clean pull,1,185,3,7.5,,
29,clean pull,2,185,2,7,,Jules said more shrug
29,clean pull,3,195,4,8.5,,
29,clean pull,4,195,3,8.5,,
30,seated press,1,95,5,7.5,,
30,seated press,2,105,5,8.5,,
30,seated press,3,110,4,9,,
30,seated press,4,110,4,9,,
30,seated press,5,115,3,9.5,,
31,barbell row,1,95,8,6,,
31,barbell row,2,105,8,7,,
31,barbell row,3,110,8,8,,
31,barbell row,4,110,8,8.5,,
32,deadlift,1,305,1,9.5,,"Tried to jump to 325, failed. Very sore tho going into this"
33,deadlift,1,265,3,8,,
33,deadlift,2,265,3,8,,
33,deadlift,3,265,3,8,,
33,deadlift,4,265,3,8,,
33,deadlift,5,275,3,8.5,,
33,deadlift,6,285,3,9,,
34,split jerk,,95,2,6,,Land in split like a square. More of a 3 point position than a split. Weight back. Form a steady base it's not a lunge. Don't grip in press position.
34,split jerk,,115,2,6,,
34,split jerk,,125,2,6,,
34,split jerk,,125,1,7,,
34,split jerk,,125,1,7,,
34,split jerk,,135,1,7,,
35,segmented clean deadlift + hang power clean,1,145,1,6,,
35,segmented clean deadlift + hang power clean,2,155,1,7,,
35,segmented clean deadlift + hang power clean,3,165,1,7.5,,
35,segmented clean deadlift + hang power clean,4,175,0,NA,,Tech fail
35,segmented clean deadlift + hang power clean,5,175,1,8.5,,
35,segmented clean deadlift + hang power clean,6,175,1,8.5,,
36,snatch,1,75,3,6,,
36,snatch,2,75,3,6,,
36,snatch,3,75,4,6,,
36,snatch,4,85,3,6.5,,
36,snatch,5,85,3,6.5,,
37,front squat,1,165,3,7,,
37,front squat,2,165,3,7,,
37,front squat,3,165,3,7,,
37,front squat,4,165,3,7.5,,
37,front squat,5,165,3,7.5,,
38,pause squat,1,185,4,8,,
38,pause squat,2,195,4,8.5,,
38,pause squat,3,195,4,8.5,,
38,pause squat,4,205,3,8.5,,
38,pause squat,5,215,3,9.5,,
38,pause squat,6,215,3,9.5,,
39,ghd back extension,1,0,15,7,,
39,ghd back extension,2,35,12,7,,
39,ghd back extension,3,35,12,7,,
40,db rotator cuff,1,15,8,7.5,,
40,db rotator cuff,2,15,8,7.5,,
40,db rotator cuff,3,15,8,7.5,,
41,sa kb overhead squat,1,15,5,NA,,
41,sa kb overhead squat,2,15,5,NA,,
41,sa kb overhead squat,3,15,5,NA,,
42,clean,1,165,1,7,,
42,clean,2,165,1,7,,
42,clean,3,165,1,7,,
42,clean,4,175,1,8,,
42,clean,5,175,1,8,,
42,clean,6,175,1,8,,Jules said loosen grip then they started looking better
42,clean,7,175,1,8,,
42,clean,8,185,1,9,,
43,seated strict press,1,105,4,7.5,,
43,seated strict press,2,115,4,8.5,,
43,seated strict press,3,120,3,9.5,,
43,seated strict press,4,125,2,9.5,,
44,sa db row,1,55,8,7,,
44,sa db row,2,55,8,7,,
44,sa db row,3,55,8,7,,
44,sa db row,4,55,8,7,,
45,deadlift,1,285,3,8,,
45,deadlift,2,285,3,8.5,,
45,deadlift,3,295,3,8.5,,
45,deadlift,4,295,3,9,,
45,deadlift,5,295,3,9.5,,
46,split jerk,1,135,2,7,,
46,split jerk,2,145,2,7.5,,
46,split jerk,3,145,2,7.5,,
46,split jerk,4,155,1,7.5,,
46,split jerk,5,165,1,8,,
46,split jerk,6,175,1,8.5,,"Muscled it the whole way, my form sucks"
47,segment clean + hang power,1,155,1,6,,
47,segment clean + hang power,2,165,1,6,,
47,segment clean + hang power,3,175,1,7,,
47,segment clean + hang power,4,175,1,7,,
47,segment clean + hang power,5,185,1,7,,
47,segment clean + hang power,6,195,1,8,,
48,snatch,1,95,1,7,,
48,snatch,2,95,1,7,,
48,snatch,3,95,1,7,,
48,snatch,4,105,1,7.5,,
48,snatch,5,105,1,7.5,,
48,snatch,6,115,1,8,,
48,snatch,7,115,1,8,,
48,snatch,8,115,1,8,,
48,snatch,9,120,1,8.5,,
49,front squat,1,165,3,8,,
49,front squat,2,175,3,8.5,,
49,front squat,3,175,3,8.5,,
49,front squat,4,175,3,8.5,,
49,front squat,5,185,3,8.5,,
49,front squat,6,195,3,9,,
49,front squat,7,195,3,9,,
50,pull ups,1,0,8,7.5,,
51,ring pull ups,1,0,4,7,,
51,ring pull ups,2,0,7,7.5,,
51,ring pull ups,3,0,7,8,,
52,dips,1,0,8,7,,
52,dips,2,0,8,7,,
52,dips,3,0,8,7,,
53,v-ups,1,0,15,NA,,
53,v-ups,2,0,15,NA,,
53,v-ups,3,0,15,NA,,
54,db bench,1,50,10,7.5,,
54,db bench,2,50,11,7,,
54,db bench,3,50,11,7.5,,
55,pause squat,1,205,3,7,,
55,pause squat,2,215,3,7.5,,
55,pause squat,3,235,3,9,,
55,pause squat,4,245,2,9,,
55,pause squat,5,250,2,9.5,,
56,ghd back extensions,1,26,15,8,,
56,ghd back extensions,2,26,15,8,,
56,ghd back extensions,3,26,15,8,,
57,snatch balance,1,75,3,5,,
57,snatch balance,2,75,3,5,,
58,clean,1,165,2,8,,
58,clean,2,175,1,8,,
58,clean,3,175,1,8,,
58,clean,4,185,1,8.5,,
58,clean,5,185,1,NA,,couldn't stand it up didn't want a grinder so dropped
59,strict press,1,105,3,8,,
59,strict press,2,115,3,8.5,,
59,strict press,3,125,2,9,,
59,strict press,4,130,1,F,,poor technique off bar should've gotten easy
59,strict press,5,130,2,9.5,,
60,sa db row,1,50,8,6.5,,
60,sa db row,2,50,8,6.5,,
60,sa db row,3,50,8,7,,
60,sa db row,4,50,10,7,,
61,deadlift,1,245,5,8.5,,"I clean deadlift, must switch into standard deadlift, hips higher"
61,deadlift,2,255,5,8.5,,
61,deadlift,3,265,4,8.5,,
61,deadlift,4,275,4,9,,
61,deadlift,5,275,4,9.5,,
62,power snatch,1,95,20,NA,,
63,snatch,1,95,2,7.5,,
63,snatch,2,95,3,8,,
64,split jerk,1,145,2,7.5,,
64,split jerk,2,155,2,8.5,,
64,split jerk,3,155,1,8,,"jules says im not getting under at all, video on phone to show"
64,split jerk,4,165,1,9,,
64,split jerk,5,165,1,9,,
64,split jerk,6,175,1,9,,technique limited
65,squat,1,275,1,9.5,,
65,squat,2,285,F,NA,,
65,squat,3,285,1,10,,
65,squat,4,290,F,NA,,
66,bench,1,205,2,8.5,,
66,bench,2,225,1,9.5,,
66,bench,3,235,F,NA,,
66,bench,4,235,F,NA,,
67,deadlift,1,295,1,8.5,,
67,deadlift,2,315,1,9,,
67,deadlift,3,335,1,9.5,,
67,deadlift,4,350,1,10,,GRINDER LFG PR
68,squat,1,205,5,7.5,,
68,squat,2,215,5,8,,
68,squat,3,215,5,8.5,,
68,squat,4,215,5,8.5,,
68,squat,5,225,5,9.5,,
69,db rdl,1,75,12,7,,
69,db rdl,2,75,12,7.5,,
69,db rdl,3,75,12,7.5,,
70,backwards resistance treadmill,1,9,10,NA,,
71,db calf raise,1,55,20,7.5,,
71,db calf raise,2,,20,7.5,,
71,db calf raise,3,,20,7.5,,
72,strict press,1,115,3,8,,
72,strict press,2,115,3,8.5,,
72,strict press,3,115,3,9,,
72,strict press,4,115,3,9,,
72,strict press,5,115,3,9,,
72,strict press,6,115,3,9.5,,
73,push jerk,1,115,8,8,,
73,push jerk,2,115,8,8,,
73,push jerk,3,115,8,8,,
74,strict ctb ,1,0,5,7,,
74,strict ctb ,2,0,5,7,,
74,strict ctb ,3,0,5,7,,
74,strict ctb ,4,0,5,7,,
75,snatch complex,1,95,5,7,,
75,snatch complex,2,95,5,7,,
76,front squat,1,175,3,7.5,,
76,front squat,2,185,3,8,,
76,front squat,3,195,3,8.5,,
76,front squat,4,195,3,9,,
76,front squat,5,195,3,9,,Plate bumped at bottom of first rep but grinded out the rest
77,atg back extension,1,40,15,7,,
77,atg back extension,2,40,15,7,,
77,atg back extension,3,40,15,8,,
78,forwards resistance treadmill,1,10,10,NA,,
78,forwards resistance treadmill,2,10,10,NA,,
78,forwards resistance treadmill,3,10,10,NA,,
79,split jerk,1,2,155,7.5,,
79,split jerk,2,2,155,7.5,,
79,split jerk,3,2,165,8,,
79,split jerk,4,1,175,8.5,,
79,split jerk,5,1,175,8.5,,
79,split jerk,6,1,175,8.5,,
79,split jerk,7,1,185,9,,
79,split jerk,8,1,185,9,,
80,sa db row,1,12,60,8.5,,
80,sa db row,2,10,60,9,,
81,clean,1,155,3,7.5,,
81,clean,2,165,3,8,,
81,clean,3,165,3,8.5,,
81,clean,4,165,3,8.5,,
81,clean,5,165,3,8.5,,
82,overhead squat,1,65,5,6.5,,
82,overhead squat,2,65,5,6.5,,
82,overhead squat,3,65,7,6.5,,
83,kot elevated lunge,1,40,12,7.5,,
83,kot elevated lunge,2,40,12,7.5,,
84,sa db snatch,1,60,10,7,,
84,sa db snatch,2,60,10,7,,
84,sa db snatch,3,60,20,8.5,,
85,db rdl,1,75,12,7,,
85,db rdl,2,75,12,7.5,,
85,db rdl,3,75,12,8,,
86,bench,1,185,5,8.5,,
86,bench,2,185,5,8.5,,
86,bench,3,185,5,9,,
86,bench,4,185,4,9,,
86,bench,5,185,4,9.5,,
87,ctb pull ups,1,0,5,7,,
87,ctb pull ups,2,0,5,7,,
88,db rotator cuff,1,10,15,7,,
88,db rotator cuff,2,10,15,7,,
89,cable face pull,1,35,13,7,,
89,cable face pull,2,35,13,7,,
89,cable face pull,3,35,13,7,,
90,rope pulldown,1,40,10,8,,
90,rope pulldown,2,40,10,8,,
90,rope pulldown,3,40,8,8,,
91,push ups,1,0,12,7,,
91,push ups,2,0,12,7,,
91,push ups,3,0,12,7,,
92,db inc curl,1,20,11,7.5,,
92,db inc curl,2,20,11,8,,
92,db inc curl,3,20,6,8.5,,
93,pull ups,1,0,8,8.5,,
93,pull ups,2,0,7,8.5,,
93,pull ups,3,0,4,8.5,,
94,strict press,1,85,8,7,,
94,strict press,2,85,8,7.5,,
94,strict press,3,90,8,9,,
94,strict press,4,90,8,9.5,,
95,push press,1,90,8,9,,
96,power clean,1,135,5,6.5,,
96,power clean,2,155,4,7.5,,
96,power clean,3,155,20,NA,,"3:10. Considering the first 10 took 45 seconds, not good"
97,deadlift,1,255,4,7,,
97,deadlift,2,265,4,7.5,,
97,deadlift,3,285,3,8.5,,
97,deadlift,4,295,3,9,,
97,deadlift,5,300,3,9.5,,
98,sa db press,1,30,12,8.5,,
99,db bench,1,45,12,8.5,,
98,sa db press,2,30,12,9,,
99,db bench,2,45,10,9,,
98,sa db press,3,30,10,9.5,,
99,db bench,3,45,10,9.5,,
98,sa db press,4,30,10,9.5,,
99,db bench,4,45,8,9.5,,
100,clean complex,1,155,1,7,,
100,clean complex,2,175,1,8,,
100,clean complex,3,185,1,9.5,,
100,clean complex,4,185,1,9,,
100,clean complex,5,190,1,9,,Smooth man. Jules said form is tight
101,front squat,1,185,3,8.5,,
101,front squat,2,185,3,8.5,,
101,front squat,3,185,3,8.5,,
101,front squat,4,195,3,9,,
101,front squat,5,195,3,9.5,,
102,bench complex,1,155,15,9,,burners
102,bench complex,2,135,16,9.5,,
102,bench complex,3,115,15,9.5,,
103,decline bench,1,115,12,8,,
103,decline bench,2,125,10,8,,
103,decline bench,3,130,8,8,,
103,decline bench,4,135,6,8,,
104,bb row,1,95,10,6.5,,
105,bb high pull,1,95,6,9.5,,
104,bb row,2,95,10,7,,
105,bb high pull,2,95,10,9.5,,
104,bb row,3,95,10,7,,
105,bb high pull,3,95,8,9.5,,
106,bb reverse row,1,145,10,9,,
107,bb pendlay row,1,145,3,9.5,,
106,bb reverse row,2,115,10,8,,
107,bb pendlay row,2,115,6,9.5,,
106,bb reverse row,3,95,10,7.5,,
107,bb pendlay row,3,95,7,9.5,,
108,curl circuit,1,45,NA,9.5,,
108,curl circuit,2,45,NA,9.5,,
108,curl circuit,3,45,NA,9.5,,
109,squat,1,235,3,8,,
109,squat,2,235,3,8,,
109,squat,3,245,3,9,,
109,squat,4,255,2,9,,
109,squat,5,255,3,9.5,,
110,ghd back extension,1,0,17,7,,
111,deadlift,1,275,3,7,,don't lift but first
111,deadlift,2,285,3,7.5,,
111,deadlift,3,285,3,7.5,,
111,deadlift,4,295,3,8.5,,
111,deadlift,5,315,3,9.5,,
112,sa db press,1,30,12,9,,
113,db bench,1,45,10,8.5,,
112,sa db press,2,30,12,9,,
113,db bench,2,45,10,8.5,,
112,sa db press,3,30,10,9,,
113,db bench,3,45,10,9,,
112,sa db press,4,30,10,9,,
113,db bench,4,45,10,8,,
114,power clean complex,1,185,1,7,,
114,power clean complex,2,205,1,8.5,,
114,power clean complex,3,205,1,8.5,,
114,power clean complex,4,215,0,NA,,
114,power clean complex,5,215,0,NA,,"thought i had it, am not stomping under it enough"
115,bench,1,115,10,6.5,,
116,underhand fly,1,20,10,9,,
117,push ups,1,0,10,8,,
115,bench,2,115,10,7,,
116,underhand fly,2,20,10,9,,
117,push ups,2,0,10,8,,
115,bench,3,115,10,7.5,,
116,underhand fly,3,20,10,9,,
117,push ups,3,0,10,9,,
115,bench,4,115,10,7.5,,
116,underhand fly,4,20,10,9.5,,
117,push ups,4,0,10,9.5,,
118,db inc bench,1,40,12,7.5,,
119,chest fly,1,20,10,9,,
120,db floor press,1,40,8,8.5,,
118,db inc bench,2,40,12,7.5,,
119,chest fly,2,20,10,9.5,,
120,db floor press,2,45,8,9.5,,
118,db inc bench,3,40,12,8,,
119,chest fly,3,20,10,10,,
120,db floor press,3,45,8,9.5,,
121,landmine press,1,45,10,8.5,,
122,db row,1,40,10,7,,
121,landmine press,2,45,8,9.5,,
122,db row,2,40,12,7,,
121,landmine press,3,45,6,9.5,,
122,db row,3,40,12,7,,
123,curl circuit,1,20,NA,10,,
124,squat,1,245,2,8,,
124,squat,2,255,2,8.5,,
124,squat,3,265,2,9,,
124,squat,4,275,2,9.5,,
124,squat,5,275,1,9.5,,
125,strict press,1,115,4,8.5,,
125,strict press,2,115,4,9,,
125,strict press,3,115,4,9.5,,
125,strict press,4,115,4,9.5,,
126,push press,1,115,4,8.5,,
127,snatch,1,95,1,7,,
127,snatch,2,95,1,7,,
127,snatch,3,95,1,7,,
127,snatch,4,105,1,7.5,,
127,snatch,5,105,1,7.5,,
127,snatch,6,105,1,7.5,,
128,snatch balance,1,95,3,7.5,,
128,snatch balance,2,95,4,7.5,,
128,snatch balance,3,95,4,7.5,,
129,clean complex,1,165,1,7,,
129,clean complex,2,175,1,8,,
129,clean complex,3,185,1,9,,
129,clean complex,4,185,0,NA,,
129,clean complex,5,185,1,9.5,,
129,clean complex,6,185,1,9.5,,
130,clean,1,185,1,9.5,,
131,snatch high pull,1,95,1,7.5,,
131,snatch high pull,2,115,1,7.5,,
131,snatch high pull,3,135,1,7.5,,
131,snatch high pull,4,135,1,7.5,,
131,snatch high pull,5,145,1,7.5,,
132,hang snatch,1,95,1,7.5,,
132,hang snatch,2,95,1,7.5,,
132,hang snatch,3,95,1,7.5,,
132,hang snatch,4,95,1,7.5,,
132,hang snatch,5,95,1,7.5,,
133,snatch,1,95,1,7.5,,
133,snatch,2,95,1,7.5,,
133,snatch,3,95,1,7.5,,
133,snatch,4,95,1,7.5,,
133,snatch,5,105,1,8,,
133,snatch,6,105,1,8,,
133,snatch,7,115,1,8.5,,
133,snatch,8,115,1,8.5,,
133,snatch,9,125,0,NA,,
133,snatch,10,125,1,9,,
134,power clean,1,185,3,8.5,,
134,power clean,2,185,3,0,,
134,power clean,3,195,3,9.5,,
134,power clean,4,195,3,9.5,,
134,power clean,5,200,2,10,,
135,squat,1,245,3,8.5,,
135,squat,2,255,2,8.5,,
135,squat,3,275,1,9.5,,
135,squat,4,285,0,10,,
135,squat,5,285,1,10,,
136,wide grip bench,1,135,12,7.5,,
137,push ups,1,0,10,8,,
136,wide grip bench,2,135,12,9,,
137,push ups,2,0,10,8.5,,
136,wide grip bench,3,135,8,10,,
137,push ups,3,0,4,10,,
138,close grip bench,1,115,8,8,,
139,db tri extension,1,40,12,9,,
138,close grip bench,2,115,8,9,,
139,db tri extension,2,40,5,10,,
138,close grip bench,3,115,8,10,,
139,db tri extension,3,0,5,10,,
140,row circuit,1,95,34,8.5,,
140,row circuit,2,95,34,8.5,,
141,curl circuit,1,20,NA,10,,
141,curl circuit,2,20,NA,10,,
141,curl circuit,3,20,NA,10,,
142,squat,1,175,10,7,,
142,squat,2,175,10,7.5,,
142,squat,3,175,10,8,,
142,squat,4,175,10,8,,
142,squat,5,175,14,9,,
143,back extension,1,30,12,7.5,,
143,back extension,2,30,12,7.5,,
143,back extension,3,30,12,7.5,,
144,strict press,1,115,4,9,,
144,strict press,2,115,4,9,,
144,strict press,3,125,3,9.5,,
144,strict press,4,125,4,10,,
144,strict press,5,125,3,10,,
145,weighted pull ups,1,35,6,9,,
145,weighted pull ups,2,35,6,9.5,,
145,weighted pull ups,3,35,6,9.5,,
146,sa db row,1,65,11,9,,
146,sa db row,2,65,10,9,,
147,db snatch,1,50,20,NA,,
147,db snatch,2,50,20,NA,,
147,db snatch,3,50,20,NA,,
148,db inc curl,1,20,15,9,,
149,rope tri,1,30,15,8.5,,
150,front squat,1,175,5,8.5,,
150,front squat,2,175,5,8.5,,
150,front squat,3,175,5,8.5,,
150,front squat,4,175,5,9,,
150,front squat,5,175,5,8,,
151,abs,1,0,NA,NA,,
151,abs,2,0,NA,NA,,
152,weighted pull up,1,30,7,8.5,,
152,weighted pull up,2,30,7,9,,
152,weighted pull up,3,50,3,9.5,,
153,bench,1,175,5,8,,
153,bench,2,175,6,9,,
153,bench,3,185,5,9,,
154,machine row,1,130,10,9,,
155,ring row,1,0,10,9,,
156,face pull,1,30,10,9,,
155,ring row,2,0,10,9,,
156,face pull,2,30,10,9,,
155,ring row,3,0,10,9,,
156,face pull,3,30,10,9,,
157,atg rotator cuff,1,15,8,9,,
157,atg rotator cuff,2,15,8,9,,
157,atg rotator cuff,3,15,8,9,,
158,db curl,1,20,18,9,,
159,overhead rope tri,1,30,18,9,,
160,push ups,1,0,15,9,,
161,db rdl,1,75,12,7,,
161,db rdl,2,75,15,8,,
161,db rdl,3,75,15,8,,
162,wall ball,1,15,15,NA,,
162,wall ball,2,15,15,NA,,
162,wall ball,3,15,15,NA,,
163,squat,1,175,5,6,,
163,squat,2,185,10,8.5,,
163,squat,3,185,10,8.5,,
163,squat,4,185,14,9,,
164,atg shoulder roto,1,15,12,8,,
165,kb shoulder walks,1,25,4,NA,,
166,sa kb press,1,40,10,8.5,,
167,strict press,1,95,8,9,,
167,strict press,2,95,9,9,,
167,strict press,3,95,8,10,,
168,weighted pull up,1,35,7,9,,
168,weighted pull up,2,35,6,9,,
168,weighted pull up,3,35,5,9.5,,
169,lat push down,1,40,10,7,,
170,ring row,1,0,3,9,,
169,lat push down,2,40,10,7,,
170,ring row,2,0,6,9.5,,
171,overhead rope tri,1,30,15,8.5,,
172,push ups,1,0,15,9,,
171,overhead rope tri,2,30,6,9,,
172,push ups,2,0,8,8.5,,
173,rope hammer curl,1,30,14,9,,
173,rope hammer curl,2,30,14,9.5,,
174,rope ab,1,70,10,9,,
174,rope ab,2,70,8,9,,
174,rope ab,3,70,6,9,,
175,hanging knee raise,1,0,8,8,,
175,hanging knee raise,2,0,8,8,,
175,hanging knee raise,3,0,8,8,,
176,pause front squat,1,175,5,8.5,,
176,pause front squat,2,185,5,9.5,,
176,pause front squat,3,185,5,9,,
176,pause front squat,4,195,3,9.5,,
176,pause front squat,5,195,4,9.5,,
177,walking db lunge,1,50,20,NA,,
177,walking db lunge,2,50,20,NA,,
177,walking db lunge,3,50,20,NA,,
178,sled push,1,9,10,NA,,
178,sled push,2,9,10,NA,,
178,sled push,3,9,10,NA,,
179,rope ab,1,70,10,7.5,,
180,hanging knee raise,1,0,6,8,,
179,rope ab,2,70,10,7.5,,
180,hanging knee raise,2,0,6,8,,
179,rope ab,3,70,10,7.5,,
180,hanging knee raise,3,0,6,8,,
181,power clean,1,185,3,8.5,,
181,power clean,2,185,2,8,,
182,squat,1,185,5,6,,
182,squat,2,205,1,NA,,
182,squat,3,215,12,9.5,,
183,overhead squat,1,45,10,6.5,,
183,overhead squat,2,65,10,6.5,,
183,overhead squat,3,65,12,7,,
184,front rack lunge,2,115,15,NA,,
184,front rack lunge,3,115,10,NA,,
184,front rack lunge,4,115,12,NA,,
184,front rack lunge,5,115,13,NA,,
185,db inc press,1,60,10,9,,
185,db inc press,2,60,10,9.5,,
185,db inc press,3,65,5,9.5,,
186,weighted pull ups,1,35,7,9,,
186,weighted pull ups,2,35,5,8.5,,
187,pull ups,1,0,8,9,,
188,db raise,1,20,15,8,,
188,db raise,2,20,15,8,,
189,tri push down,1,65,12,9,,
189,tri push down,2,65,12,9,,
189,tri push down,3,65,12,9,,
190,rope ab,1,72.5,12,8,,
190,rope ab,2,72.5,12,8,,
190,rope ab,3,72.5,12,8,,
191,db curl,1,20,15,8.5,,
191,db curl,2,20,15,8.5,,
191,db curl,3,20,15,8.5,,
192,ghd sit ups,1,0,12,NA,,
192,ghd sit ups,2,0,12,NA,,
192,ghd sit ups,3,0,12,NA,,
193,tempo deadlift,1,275,5,8.5,,
193,tempo deadlift,2,275,5,8.5,,
193,tempo deadlift,3,275,5,9,,
193,tempo deadlift,4,285,5,9.5,,
193,tempo deadlift,5,285,5,9.5,,
194,back extension,1,35,12,9,,
194,back extension,2,35,12,9,,
194,back extension,3,35,12,9,,
195,decline ab,1,0,15,9,,
195,decline ab,2,0,15,9.5,,
195,decline ab,3,0,15,9.5,,
196,front squat,1,175,5,8.5,,
196,front squat,2,195,4,9.5,,
196,front squat,3,195,4,9,,
196,front squat,4,195,4,9.5,,
196,front squat,5,195,2,10,,Fail 3rd
197,push jerk,1,95,10,NA,,
197,push jerk,2,95,10,NA,,
197,push jerk,3,95,10,NA,,
198,,1,120,,,,
198,,2,120,,,,
198,,3,120,,,,
199,bench,1,175,8,8.5,,
199,bench,2,185,6,8.5,,
199,bench,3,195,7,9.5,,
200,pull ups,1,0,11,9,,
201,lat pd,1,145,8,9.5,,
201,lat pd,2,145,6,9.5,,
202,inc db bench,1,60,9,9,,
202,inc db bench,2,60,8,9.5,,
203,cable row,1,130,10,8.5,,
203,cable row,2,130,10,9.5,,
204,db curl,1,15,20,9.5,,
205,squat,1,195,8,8,,
205,squat,2,195,8,8.5,,
205,squat,3,195,8,8.5,,
205,squat,4,195,8,9,,
205,squat,1,195,10,9,,
206,walking db lungs,1,45,50ft,7.5,,
206,walking db lungs,2,45,50ft,8,,
206,walking db lungs,3,45,50ft,8.5,,
207,strict press,1,95,11,9,,
207,strict press,2,105,6,9.5,,
207,strict press,3,105,6,9.5,,
208,weighted pull up,1,25,8,9,,
208,weighted pull up,2,30,8,9.5,,
208,weighted pull up,3,30,5,9.5,,
209,db inc bench,1,60,11,8,,
209,db inc bench,2,60,11,9.5,,
210,db inc curl,1,25,12,9.5,,
210,db inc curl,2,25,8,9.5,,
211,dips,1,0,12,9,,
211,dips,2,0,10,9,,
212,db skull,1,30,8,9,,
212,db skull,2,30,6,9,,
213,deadlift,1,225,5,6,,
213,deadlift,2,225,5,6,,
214,db rdl,1,75,10,8,,
214,db rdl,2,75,10,8,,
214,db rdl,3,75,10,8,,
215,back extension,1,45,8,9,,
215,back extension,2,45,8,9,,
215,back extension,3,45,8,9,,
216,decline ab,1,0,12,8.5,,
216,decline ab,2,0,15,9,,
216,decline ab,3,0,15,10,,
217,bench,1,205,8,9.5,,
217,bench,2,225,3,10,,
218,machine row,1,180,6,9,,
218,machine row,2,180,7,9,,
219,overhead v tri,1,35,20,9.5,,
219,overhead v tri,2,35,20,9.5,,
219,overhead v tri,3,35,20,9.5,,
220,dips,1,25,6,8.5,,
220,dips,2,25,6,9,,
221,db inc curl,1,25,12,8.5,,
221,db inc curl,2,25,12,9,,
222,thrusters,1,95,10,8,,
222,thrusters,2,95,10,8,,
222,thrusters,3,95,10,8,,
222,thrusters,4,95,10,8,,
222,thrusters,5,95,12,9,,
223,squat,1,225,7,8,,
223,squat,2,225,7,8.5,,
223,squat,3,225,7,8.5,,
223,squat,4,225,11,9.5,,
224,strict press,1,115,5,9,,
224,strict press,2,120,5,9.5,,
224,strict press,3,125,3,9.5,,
225,lat pd,1,145,10,8,,
225,lat pd,2,147.5,9,9,,
225,lat pd,3,147.5,8,9.5,,
226,db inc bench,1,65,12,9.5,,
226,db inc bench,2,65,10,9.5,,
227,db inc curl,1,25,10,8.5,,
227,db inc curl,2,25,8,9,,
228,overhead v tri,1,37.5,30,8,,
228,overhead v tri,2,42.5,12,8.5,,
228,overhead v tri,3,42.5,12,9.5,,drop
227,front squat,1,185,3,8.5,,
228,db rdl,1,75,13,8.5,,
227,front squat,2,185,3,9,,
228,db rdl,2,75,14,9,,
227,front squat,3,185,3,9,,
228,db rdl,3,75,16,9,,
229,weighted pull up,1,25,8,8.5,,
229,weighted pull up,2,25,8,8.5,,
229,weighted pull up,3,25,4,9,,pause slow reps
230,lat push down,1,60,12,9.5,,
230,lat push down,2,60,12,9.5,,
230,lat push down,3,60,12,9.5,,
231,cable row,1,160,8,9.5,,
231,cable row,2,160,8,9.5,,
231,cable row,3,160,8,9.5,,
232,cable curl,1,35,9,9.5,,
232,cable curl,2,35,6,9.5,,
233,decline sit up,1,0,12,9,,
233,decline sit up,2,0,12,9,,
233,decline sit up,3,0,12,9,,
234,hammer curl,1,20,20,9.5,,
235,strict press,1,95,8,8,,
236,bench,1,205,5,9,,
237,incline bench,1,60,12,9.5,,
237,incline bench,2,60,12,9.5,,
238,lat raise,1,20,10,9,,
238,lat raise,2,20,10,9,,
238,lat raise,3,20,10,9,,
239,pec dec,1,100,10,9.5,,
239,pec dec,2,100,10,9.5,,
239,pec dec,3,100,4,9.5,,slow pause reps
240,katana tri,1,12.5,20,9,,
240,katana tri,2,12.5,20,9.5,,
240,katana tri,3,12.5,20,10,,
241,dip,1,0,8,9,,
242,squat,1,245,8,10,,
243,leg extension,1,130,13,8.5,,
243,leg extension,2,130,13,9.5,,
244,calf machine,1,120,10,9,,
244,calf machine,2,120,10,9.5,,
245,dragon ab,1,0,12,8,,
245,dragon ab,2,0,12,8.5,,
245,dragon ab,3,0,12,9.5,,
245,dragon ab,4,0,12,9.5,,
246,strict press,1,115,8,9.5,,
246,strict press,2,125,4,10,,
246,strict press,3,125,2,10,drop,
247,weighted pull up,1,35,6,8.5,,
247,weighted pull up,2,35,6,9,,
247,weighted pull up,3,35,6,9.5,drop,
248,db inc bench,1,70,8,9,,
249,db inc curl,1,25,10,9,,
250,rope face pull,1,40,9,8.5,,
251,rope cable tri,1,40,16,9,,
251,rope cable tri,2,40,10,9.5,,
252,dips,1,0,8,9,,
253,hammer curl,1,25,15,9,,
254,pause front squat,1,185,5,8.5,,
254,pause front squat,2,195,4,9.5,,
254,pause front squat,3,195,4,9,,
254,pause front squat,4,195,4,9.5,,
254,pause front squat,5,200,3,9.5,,
255,db rdl,1,80,16,9,,
255,db rdl,2,80,14,9,,
255,db rdl,3,80,14,9,,
256,back extension,1,30,8,8.5,,
256,back extension,2,30,8,8.5,,
256,back extension,3,30,8,8.5,,
257,decline sit ups,1,0,14,9,,
257,decline sit ups,2,0,14,9,,
257,decline sit ups,3,0,14,9,,
258,bench,1,185,8,9,,
258,bench,2,195,7,9,,
258,bench,3,195,6,9,,
259,pull ups,1,0,8,8,,
259,pull ups,2,0,8,8,,
260,dips,1,0,8,9.5,,
260,dips,2,0,8,9.5,,
261,squat,1,225,5,7.5,,
261,squat,2,225,5,7.5,,
261,squat,3,225,5,7.5,,
261,squat,4,225,5,8,,
261,squat,5,225,5,7.5,,
261,squat,6,225,8,9,,
262,decline sit up,1,0,15,8.5,,
262,decline sit up,2,0,10,9,,
263,dragon ab raise,1,0,8,9.5,,
263,dragon ab raise,2,0,8,9.5,,
264,calf machine,1,140,8,8,drop,
264,calf machine,2,140,8,9,,
265,strict press,1,125,3,9,,
265,strict press,2,125,3,9,,
265,strict press,3,125,3,9,,
265,strict press,4,130,2,10,,
265,strict press,5,130,2,10,,
266,pull ups,1,0,12,9.5,,
267,lat pd,1,150,8,9,,
268,cable row ss,1,115,20,9,,
269,reverse lat pd ss,1,105,30,9.5,,
270,push ups as,1,0,70,9.5,,
271,dips,1,0,9,9,,
271,dips,2,0,8,9,,
271,dips,3,0,7,9,,
272,db inc curls,1,25,10,9,,
273,db hammer curls,1,25,8,9,,
274,overhead rope tri,1,35,15,8.5,,
274,overhead rope tri,2,35,10,9,,
275,deadlift,1,275,5,8,,
275,deadlift,2,295,5,8.5,,
275,deadlift,3,295,5,8.5,,
275,deadlift,4,315,4,9,,
275,deadlift,5,315,4,9.5,,
276,back extension,1,30,15,8.5,,
276,back extension,2,30,12,9,,
276,back extension,3,30,12,9.5,,
277,db hammer curl,1,30,13,9,,
278,weighted pull ups,1,30,8,9,,
278,weighted pull ups,2,30,7,9.5,,
278,weighted pull ups,3,30,6,9.5,,
279,cable row,1,160,5,9,drop,
279,cable row,2,160,5,9,drop,
280,cable curl,1,40,10,8.5,,
280,cable curl,2,40,10,8.5,,
281,tri push down,1,75,8,8,,
281,tri push down,2,75,8,8,,
282,squat,1,250,4,8.5,,
282,squat,2,250,4,8.5,,
282,squat,3,250,4,8.5,,
282,squat,4,250,4,8.5,,
282,squat,5,250,6,9.5,,
283,decline ab,1,0,16,9,,
284,dragon leg raise,1,0,8,9.5,,
284,dragon leg raise,2,0,8,9,,
284,dragon leg raise,2,0,6,9.5,,
284,dragon leg raise,3,0,8,9,,
284,dragon leg raise,3,0,6,9.5,,
285,db walking lunges,1,45,16,7.5,,
285,db walking lunges,2,45,16,8.5,,
285,db walking lunges,3,45,16,8.5,,
285,db walking lunges,4,45,16,8.5,,
286,single leg db rdl,1,40,4,7.5,,
286,single leg db rdl,2,40,4,7.5,,
286,single leg db rdl,3,40,4,7.5,,
287,bench,1,205,5,9,,
287,bench,2,205,5,9,,
287,bench,3,205,5,9,,
288,lat pd,1,145,10,9,,
288,lat pd,2,145,7,9.5,,
289,cable row,1,130,11,9,,
290,db inc press,1,60,10,9,,
290,db inc press,2,60,8,9,,
290,db inc press,3,60,5,9,,
291,rope hammer curl,1,47.5,7,9.5,,
291,rope hammer curl,2,57.5,5,9.5,,
291,rope hammer curl,3,57.5,5,9.5,drop,
292,preacher machine,1,75,6,9.5,partials,
292,preacher machine,2,75,6,9.5,partials,
293,deadlift,1,275,5,7,,
293,deadlift,2,315,5,9,,
293,deadlift,3,315,5,9,,
293,deadlift,4,325,4,9,,
293,deadlift,5,325,4,9.5,,
294,bench,1,160,18,10,,
294,bench,2,135,20,10,,
295,push press,1,95,12,8,,
296,pull ups,1,0,11,9,,
296,pull ups,2,0,10,9,,
296,pull ups,3,0,6,9,,
297,side raises,1,25,9,8.5,,
297,side raises,2,25,9,8.5,,
298,rope tri,1,37.5,20,9,,
298,rope tri,2,37.5,10,9.5,drop,
299,db inc curl,1,25,10,9,,
300,db alt curl,1,25,5,9.5,drop,
301,dips,1,0,9,8.5,,
302,cable row,1,130,6,8.5,drop,
303,pause front squat,1,185,5,8,,
303,pause front squat,2,195,4,9,,
303,pause front squat,3,205,4,9.5,,
303,pause front squat,4,205,4,9.5,,
303,pause front squat,5,205,4,9.5,,
304,squat,1,275,5,9.5,,
305,bulgarian split squats,1,45,12,7,,
305,bulgarian split squats,2,45,12,8,,
306,slow leg extension,1,130,8,9,,
306,slow leg extension,2,130,8,9,,
307,inc sit up,1,0,20,8.5,,
308,dragon leg raise,1,0,8,9,,
309,inc sit up,2,0,12,8.5,,
310,dragon leg raise,2,0,8,9,,
311,sl calf raise,1,30,10,7,,
312,strict press,1,95,10,8.5,,
312,strict press,2,115,6,9.5,,
313,slow pull ups,1,0,10,9,,
314,strict press,3,115,5,9.5,,
315,slow pull ups,2,0,9,9.5,,
316,strict press,4,115,6,9.5,,
317,slow pull ups,3,0,8,9,,
318,db inc bench,1,55,10,8.5,,
318,db inc bench,2,55,11,9,,
319,cable row,1,120,12,8.5,,
319,cable row,2,120,11,8.5,,
320,overhead rope tri,1,40,15,9,,
320,overhead rope tri,2,40,10,9,,
320,overhead rope tri,3,40,10,9,,
321,squat,1,245,3,7.5,,
321,squat,2,245,3,7.5,,
321,squat,3,245,3,7.5,,
321,squat,4,255,3,8,,
321,squat,5,265,3,9.5,,
321,squat,6,265,2,10,,
322,db lunges,1,50,30,6.5,,
323,db rdl,1,85,15,8,,
324,leg extension,1,140,11,8,,
325,back extension,1,35,8,8.5,,
326,back extension,1,35,8,8.5,,
327,back extension,1,35,8,8.5,,
328,incline sit up,1,0,15,7.5,,
328,incline sit up,2,0,8,8,,
328,incline sit up,3,0,8,8.5,,
329,dragon leg raise,1,0,8,8.5,,
329,dragon leg raise,2,0,8,8.5,,
329,dragon leg raise,3,0,8,9,,
330,machine calf raise,1,90,10,8,,
330,machine calf raise,2,90,10,8.5,,
330,machine calf raise,3,90,10,9.5,,
331,strict press,1,115,7,9,,
331,strict press,2,115,6,9,,
331,strict press,3,115,5,9,,
332,bench,1,185,7,8.5,,
332,bench,2,185,8,8.5,,
332,bench,3,185,8,9,,
333,lat pd,1,130,15,8.5,,
333,lat pd,2,130,10,8,,
333,lat pd,3,130,8,8,,
334,tri overhead,1,37.5,25,8.5,,
334,tri overhead,2,42.5,12,8.5,,
335,db inc curl,1,25,12,8.5,,
335,db inc curl,2,25,12,9,,
336,push ups,1,0,30,8,,
337,pull ups,1,0,13,8.5,,
337,pull ups,2,0,14,9,,
337,pull ups,3,0,14,9,,
338,dips,1,0,11,8.5,,
338,dips,2,0,11,8.5,,
339,chest flies,1,17.5,15,8,,
339,chest flies,2,22.5,10,9,,
340,preacher curl,1,45,15,8.5,,
340,preacher curl,2,45,15,9,,
341,strict press,1,85,12,9,,
341,strict press,2,95,10,9.5,,
341,strict press,3,95,7,9.5,,
342,pull ups,1,0,15,9,,
342,pull ups,2,0,12,9.5,,
342,pull ups,3,0,10,9.5,,
343,dips,1,0,14,9,,
344,machine press,1,50,10,8.5,,
345,dips,2,0,11,9,,
346,machine press,2,50,10,8.5,,
347,db curl,1,25,12,9,,
347,db curl,2,25,10,9,,
348,rope tri,1,42.5,16,8.5,,
348,rope tri,2,42.5,12,8.5,,
349,squat,1,265,3,9,,
349,squat,2,265,3,9.5,,
349,squat,3,265,3,9.5,,
349,squat,4,265,3,9.5,,
349,squat,5,265,2,9.5,,
350,decline ab,1,0,20,7,,
351,dragon leg raise,1,0,8,9,,
350,decline ab,2,0,10,8,,
351,dragon leg raise,2,0,8,9,,
350,decline ab,3,0,14,9,,
351,dragon leg raise,3,0,9,9.5,,
352,machine calf raise,1,90,15,8.5,,
352,machine calf raise,2,90,15,9,,
352,machine calf raise,3,90,12,9.5,,
353,bench,1,185,9,9,,
354,pull ups,1,20,9,8.5,,
353,,2,185,6,8.5,,
354,,2,20,8,8.5,,
353,,3,185,7,9,,
354,,3,20,9,9,,
355,machine shoulder press,1,100,10,9.5,,
355,,2,100,7,9.5,,
356,dips,1,0,12,8.5,,
356,dips,2,0,11,9.5,,
357,machine row,1,140,8,8.5,,
358,overhead rope tri,1,40,12,9,,
358,,2,40,10,9,,
359,preacher curl,1,45,16,9,,
359,preacher curl,2,45,10,9,,